,기관코드_int,시군구1,시군구2,계,상급종합병원,종합병원,병원,요양병원,의원,치과병원,치과의원,한방병원,한의원,보건소,보건지소,보건진료소,보건의료원,조산원,약국,65세이상인구,총인구,비율소수점
0,42150,강원,강릉시,347,0,4,3,4,114,1,56,0,59,1,7,9,0,0,89,42072,216357,0.1945
1,42820,강원,고성군,41,0,0,0,0,7,0,5,0,4,1,3,9,0,0,12,7212,27144,0.2657
2,42170,강원,동해시,140,0,1,2,3,50,0,26,0,17,1,1,0,0,0,39,16825,86780,0.1939
3,42230,강원,삼척시,94,0,1,1,1,27,0,12,0,10,1,8,6,0,0,27,15258,67210,0.227
4,42210,강원,속초시,165,0,2,0,2,64,1,30,0,24,1,0,0,0,0,41,14478,78643,0.1841
5,42800,강원,양구군,33,0,0,3,0,5,0,5,0,4,1,4,3,0,0,8,4287,21780,0.1968
6,42830,강원,양양군,37,0,0,0,0,6,0,4,0,4,1,5,5,0,0,12,7650,26280,0.2911
7,42750,강원,영월군,56,0,1,1,1,12,0,6,0,6,1,7,5,0,0,16,10334,36332,0.2844
8,42130,강원,원주시,597,1,1,18,6,197,2,94,1,103,1,9,8,0,0,156,49215,349319,0.1409
9,42810,강원,인제군,46,0,0,1,1,8,0,6,0,5,1,5,5,0,0,14,5890,30133,0.1955
10,42770,강원,정선군,53,0,0,2,0,9,0,5,0,4,1,7,11,0,0,14,9057,35255,0.2569
11,42780,강원,철원군,70,0,0,1,1,18,0,8,0,8,1,4,7,0,0,22,9324,43520,0.2142
12,42110,강원,춘천시,472,0,2,9,7,161,0,81,0,69,1,10,13,0,0,119,46721,284753,0.1641
13,42190,강원,태백시,64,0,1,1,0,23,0,9,0,7,1,1,1,0,0,20,9869,42474,0.2324
14,42760,강원,평창군,84,0,0,0,2,17,0,13,0,10,0,6,15,1,0,20,10563,39657,0.2664
15,42720,강원,홍천군,115,0,1,2,3,30,0,16,0,11,1,8,18,0,0,25,16429,66634,0.2466
16,42790,강원,화천군,36,0,0,0,0,8,0,5,0,4,0,4,6,1,0,8,5020,23425,0.2143
17,42730,강원,횡성군,69,0,0,1,1,13,0,7,0,13,1,8,8,0,0,17,12269,44431,0.2761
18,41820,경기,가평군,114,0,0,3,3,26,0,20,1,16,1,5,15,0,0,24,14374,59823,0.2403
19,41281,경기,고양시 덕양구,645,0,1,8,7,224,2,116,0,116,1,0,0,0,0,170,62661,448571,0.1397
20,41285,경기,고양시 일산동구,478,0,4,11,17,154,2,96,3,70,1,0,0,0,0,120,35203,287041,0.1226
21,41287,경기,고양시 일산서구,485,0,1,5,7,169,2,93,0,91,1,0,0,0,0,116,34797,289033,0.1204
22,41290,경기,과천시,92,0,0,0,0,38,1,17,0,14,1,0,0,0,0,21,7539,53830,0.1401
23,41210,경기,광명시,530,0,1,5,5,205,0,114,0,81,1,0,0,0,0,118,40547,313462,0.1294
24,41610,경기,광주시,406,0,1,2,7,131,1,74,0,69,1,3,12,0,0,105,45324,375238,0.1208
25,41310,경기,구리시,418,0,1,9,5,146,0,93,0,66,1,2,0,0,0,95,24496,192270,0.1274
26,41410,경기,군포시,429,0,2,3,8,140,2,97,0,68,1,1,0,0,0,107,33854,275154,0.123
27,41570,경기,김포시,604,0,2,15,7,200,0,131,6,94,1,6,7,0,0,135,50806,442910,0.1147
28,41360,경기,남양주시,912,0,3,12,19,308,0,194,0,139,2,6,3,0,1,225,91633,681077,0.1345
29,41250,경기,동두천시,140,0,0,1,10,41,0,26,0,18,1,0,0,0,0,43,18471,96541,0.1913
30,41190,경기,부천시,1432,1,4,23,31,510,4,282,9,218,3,0,0,0,1,346,104948,836751,0.1254
31,41135,경기,성남시 분당구,1167,1,3,10,6,443,5,261,3,201,1,1,0,0,0,232,56060,462634,0.1212
32,41131,경기,성남시 수정구,513,0,2,5,6,193,1,116,1,70,1,0,0,0,0,118,35185,241256,0.1458
33,41133,경기,성남시 중원구,415,0,1,2,4,152,1,84,0,72,1,0,0,0,0,98,31260,216005,0.1447
34,41113,경기,수원시 권선구,470,0,0,9,4,154,0,99,0,79,1,0,0,0,0,124,38508,374770,0.1028
35,41117,경기,수원시 영통구,582,1,0,8,5,209,0,144,1,90,1,0,0,0,0,123,24744,368876,0.0671
36,41111,경기,수원시 장안구,446,0,1,5,9,147,0,97,0,77,1,0,0,0,0,109,34336,282288,0.1216
37,41115,경기,수원시 팔달구,584,0,2,11,7,221,1,104,3,107,1,0,0,0,0,127,26069,189052,0.1379
38,41390,경기,시흥시,622,0,3,4,13,226,2,131,9,74,1,1,4,0,0,154,42865,508749,0.0843
39,41273,경기,안산시 단원구,620,1,2,14,10,229,4,108,8,81,1,2,2,0,1,157,32052,358030,0.0895
40,41271,경기,안산시 상록구,404,0,1,7,7,128,0,79,7,59,1,2,0,0,0,113,37546,356620,0.1053
41,41550,경기,안성시,271,0,2,2,10,74,1,47,0,33,1,9,15,0,0,77,30900,202284,0.1528
42,41173,경기,안양시 동안구,699,1,0,11,1,253,1,164,0,119,1,0,0,0,2,146,34315,311139,0.1103
43,41171,경기,안양시 만안구,400,0,2,3,8,129,0,88,2,64,1,0,0,0,0,103,36085,246200,0.1466
44,41630,경기,양주시,252,0,0,5,12,80,0,47,0,30,1,2,3,0,0,72,33876,224684,0.1508
45,41830,경기,양평군,178,0,0,2,8,41,0,29,1,32,1,10,16,0,0,38,27007,111836,0.2415
46,41670,경기,여주시,191,0,0,4,6,50,0,33,0,27,1,9,13,0,0,48,22304,111981,0.1992
47,41800,경기,연천군,69,0,0,0,1,13,0,11,0,7,0,7,7,1,0,22,10435,42540,0.2453
48,41370,경기,오산시,314,0,2,6,6,103,1,70,1,41,1,0,0,0,0,83,20820,233998,0.089
49,41463,경기,용인시 기흥구,571,0,1,4,13,207,1,129,1,86,1,0,2,0,0,126,53003,434075,0.1221
50,41465,경기,용인시 수지구,534,0,0,3,5,190,1,121,0,98,1,0,1,0,0,114,45315,351807,0.1288
51,41461,경기,용인시 처인구,324,0,2,3,7,102,0,69,1,44,1,7,7,0,0,81,34460,266647,0.1292
52,41430,경기,의왕시,189,0,0,2,4,62,1,44,0,30,1,1,0,0,1,43,20356,155826,0.1306
53,41150,경기,의정부시,729,0,4,13,10,273,2,143,3,95,1,0,0,0,0,185,64157,440357,0.1457
54,41500,경기,이천시,333,0,1,4,8,108,1,55,0,44,1,7,15,0,0,89,28562,222995,0.1281
55,41480,경기,파주시,573,0,1,11,20,184,0,114,1,85,1,6,7,0,0,143,59275,454328,0.1305
56,41220,경기,평택시,765,0,4,11,7,253,0,148,1,111,2,9,11,0,1,207,59331,521172,0.1138
57,41650,경기,포천시,209,0,2,2,6,62,0,36,0,24,1,13,9,0,0,54,26607,159871,0.1664
58,41450,경기,하남시,381,0,0,7,4,148,0,76,0,58,1,0,0,0,0,87,32173,260544,0.1235
59,41590,경기,화성시,1001,0,3,12,12,339,0,204,3,148,1,15,12,0,0,252,67601,838635,0.0806
60,48310,경남,거제시,317,0,3,7,2,102,3,55,0,46,1,10,12,0,0,76,24073,251226,0.0958
61,48880,경남,거창군,127,0,0,2,3,31,0,16,0,13,1,11,18,0,0,32,15983,59888,0.2669
62,48820,경남,고성군,89,0,0,3,2,19,0,11,0,12,1,13,12,0,0,16,14841,50887,0.2916
63,48250,경남,김해시,711,0,5,25,35,218,5,130,3,104,1,8,1,0,0,176,57030,549331,0.1038
64,48840,경남,남해군,88,0,0,1,1,23,0,9,0,9,1,9,15,0,0,20,15195,42169,0.3603
65,48270,경남,밀양시,178,0,0,8,5,44,0,26,1,23,1,9,15,0,0,46,26979,103402,0.2609
66,48240,경남,사천시,191,0,0,5,7,51,0,35,0,27,1,7,12,0,0,46,22962,111110,0.2067
67,48860,경남,산청군,72,0,0,0,1,13,0,6,0,13,0,9,15,1,0,14,11834,33579,0.3524
68,48330,경남,양산시,507,1,2,10,18,174,3,83,2,81,1,6,2,0,0,124,43747,347221,0.126
69,48720,경남,의령군,60,0,0,2,2,11,0,5,0,7,1,11,10,0,0,11,9146,26040,0.3512
70,48170,경남,진주시,597,1,3,13,10,192,3,107,2,94,1,11,13,0,0,147,54912,354166,0.155
71,48740,경남,창녕군,129,0,0,4,7,29,0,13,0,15,1,13,19,0,0,28,17636,62370,0.2828
72,48125,경남,창원시 마산합포구,329,0,3,9,12,101,0,63,0,53,1,4,3,0,0,80,34788,177579,0.1959
73,48127,경남,창원시 마산회원구,334,0,3,7,9,132,1,55,0,47,0,2,0,0,1,77,31157,192446,0.1619
74,48123,경남,창원시 성산구,405,0,3,8,1,135,2,91,2,85,0,0,0,0,0,78,16219,219951,0.0737
75,48121,경남,창원시 의창구,362,0,1,8,13,116,1,64,1,59,1,3,2,0,0,93,30206,256001,0.118
76,48129,경남,창원시 진해구,271,0,1,9,5,89,2,49,0,42,1,1,1,0,0,71,25405,190885,0.1331
77,48220,경남,통영시,230,0,0,7,4,78,0,34,1,27,1,3,18,0,0,57,23018,129931,0.1772
78,48850,경남,하동군,94,0,0,3,2,20,0,12,0,9,1,12,18,0,0,17,14192,42583,0.3333
79,48730,경남,함안군,94,0,0,3,4,22,0,13,0,12,1,5,9,0,0,25,14790,66611,0.222
80,48870,경남,함양군,83,0,0,1,0,22,0,9,0,10,1,10,11,0,0,19,12217,37384,0.3268
81,48890,경남,합천군,96,0,0,3,2,17,0,10,0,14,1,16,15,0,0,18,16255,42449,0.3829
82,47290,경북,경산시,427,0,1,4,12,146,2,74,0,63,1,8,10,0,0,106,41971,290088,0.1447
83,47130,경북,경주시,407,0,1,10,14,115,2,58,1,68,1,12,16,0,0,109,53055,264314,0.2007
84,47830,경북,고령군,62,0,0,1,2,12,0,8,0,10,1,7,10,0,0,11,9210,32191,0.2861
85,47190,경북,구미시,616,0,3,8,9,217,5,104,0,92,2,8,12,0,0,156,37194,420319,0.0885
86,47720,경북,군위군,41,0,0,0,0,8,0,4,0,4,1,7,10,0,0,7,8545,22206,0.3848
87,47150,경북,김천시,212,0,2,1,4,60,0,33,0,24,1,15,16,0,0,56,30495,139902,0.218
88,47280,경북,문경시,147,0,1,2,1,45,0,19,0,18,1,9,13,0,0,38,20044,68542,0.2924
89,47920,경북,봉화군,47,0,0,1,1,7,0,4,0,7,1,9,7,0,0,10,10804,30308,0.3565
90,47250,경북,상주시,186,0,2,1,3,45,0,25,0,25,1,18,25,0,0,41,28640,96641,0.2964
91,47840,경북,성주군,84,0,0,2,5,18,0,9,0,11,1,9,11,0,0,18,12513,41314,0.3029
92,47170,경북,안동시,290,0,3,5,7,80,2,43,1,42,1,14,25,0,0,67,36930,160344,0.2303
93,47770,경북,영덕군,81,0,0,1,2,17,0,9,0,8,1,8,13,0,0,22,12782,35672,0.3583
94,47760,경북,영양군,24,0,0,1,0,1,0,3,0,2,1,5,8,0,0,3,5851,16146,0.3624
95,47210,경북,영주시,191,0,1,6,4,51,0,28,1,30,1,10,13,0,0,46,26704,105235,0.2538
96,47230,경북,영천시,192,0,1,2,3,59,1,19,1,35,1,11,13,0,1,45,26438,100487,0.2631
97,47900,경북,예천군,97,0,0,1,2,21,0,13,1,13,1,10,16,0,0,19,15881,53020,0.2995
98,47940,경북,울릉군,11,0,0,0,1,0,0,1,0,1,0,2,3,1,0,2,2042,8704,0.2346
99,47930,경북,울진군,83,0,0,1,2,15,0,10,0,11,1,9,16,0,0,18,12735,47651,0.2673
100,47730,경북,의성군,108,0,0,5,6,19,0,7,0,10,1,17,21,0,0,22,20099,49477,0.4062
101,47820,경북,청도군,85,0,0,4,5,20,0,9,0,12,1,8,10,0,0,16,14727,41054,0.3587
102,47750,경북,청송군,55,0,0,1,0,13,0,5,0,8,0,6,11,1,0,10,8719,23958,0.3639
103,47850,경북,칠곡군,151,0,0,3,5,45,0,23,0,18,1,7,10,0,0,39,16952,118517,0.143
104,47111,경북,포항시 남구,372,0,3,2,5,107,0,72,1,63,1,7,10,0,0,101,37012,233172,0.1587
105,47113,경북,포항시 북구,505,0,2,12,24,171,1,90,0,64,1,7,12,0,0,121,44235,268892,0.1645
106,29200,광주,광산구,640,0,6,18,17,206,3,139,18,72,1,1,7,0,0,152,36973,423310,0.0873
107,29155,광주,남구,427,0,3,15,9,128,0,103,17,45,1,0,2,0,0,104,36091,217972,0.1656
108,29110,광주,동구,327,2,1,6,10,113,1,56,6,34,1,0,0,0,0,97,21355,103754,0.2058
109,29170,광주,북구,782,0,6,22,19,251,1,183,26,85,1,0,0,0,0,188,62071,446661,0.139
110,29140,광주,서구,676,0,5,19,11,250,9,144,18,87,1,0,1,0,0,131,39830,298033,0.1336
111,27200,대구,남구,345,2,1,7,10,103,0,56,0,62,1,0,0,0,0,103,32893,147500,0.223
112,27290,대구,달서구,1064,1,4,31,13,378,5,195,0,172,1,0,0,0,0,264,74696,574390,0.13
113,27710,대구,달성군,361,0,0,6,8,123,0,60,0,59,1,8,8,0,0,88,30130,258474,0.1166
114,27140,대구,동구,649,0,1,9,7,236,0,103,0,117,1,0,0,0,0,175,62518,337439,0.1853
115,27230,대구,북구,748,1,1,20,11,250,2,141,0,120,1,1,0,0,0,200,59565,446050,0.1335
116,27170,대구,서구,374,0,1,8,9,119,0,53,0,70,1,0,0,0,0,113,36722,175243,0.2095
117,27260,대구,수성구,948,0,1,15,8,346,5,166,2,208,1,0,0,0,0,196,62197,415283,0.1498
118,27110,대구,중구,594,1,2,13,3,248,4,109,1,70,1,0,0,0,0,142,14744,75561,0.1951
119,30230,대전,대덕구,310,0,2,4,4,113,1,47,0,47,1,0,1,0,0,90,25698,179107,0.1435
120,30110,대전,동구,447,0,1,4,11,156,1,74,1,82,1,1,1,0,0,114,40283,237273,0.1698
121,30170,대전,서구,1123,0,3,26,12,431,1,222,5,181,1,2,1,0,0,238,56552,480920,0.1176
122,30200,대전,유성구,586,0,1,12,11,203,2,102,0,110,1,2,4,0,0,138,31299,366544,0.0854
123,30140,대전,중구,518,1,2,5,12,175,1,85,1,85,1,1,1,0,1,147,43054,234995,0.1832
124,26440,부산,강서구,147,0,0,4,0,49,1,27,0,21,1,4,3,0,0,37,13630,128809,0.1058
125,26410,부산,금정구,466,0,1,10,22,147,0,96,2,81,1,0,0,0,0,106,46197,244726,0.1888
126,26710,부산,기장군,229,0,1,5,5,82,1,40,0,33,1,4,2,0,0,55,24517,160732,0.1525
127,26290,부산,남구,475,0,1,8,8,157,1,99,0,90,1,0,0,0,0,110,50037,278849,0.1794
128,26170,부산,동구,239,0,3,5,6,77,2,34,1,44,1,0,0,0,0,66,21515,85673,0.2511
129,26260,부산,동래구,608,0,3,16,17,184,4,130,0,117,1,0,0,0,0,136,46231,260986,0.1771
130,26230,부산,부산진구,986,1,3,19,14,429,3,170,1,157,1,0,0,0,0,188,64547,352390,0.1832
131,26320,부산,북구,465,0,2,11,14,166,3,88,0,77,1,1,0,0,0,102,44861,285098,0.1574
132,26530,부산,사상구,317,0,2,8,18,111,1,58,0,42,1,0,0,0,0,76,36132,222618,0.1623
133,26380,부산,사하구,541,0,0,18,25,184,1,100,2,85,1,0,0,0,0,125,55145,319828,0.1724
134,26140,부산,서구,235,3,1,4,6,60,0,34,1,35,1,0,0,0,0,90,24769,105847,0.234
135,26500,부산,수영구,395,0,2,8,11,123,1,78,0,82,1,0,0,0,1,88,35317,170414,0.2072
136,26470,부산,연제구,450,0,1,10,16,153,2,89,1,80,1,0,0,0,1,96,37186,203959,0.1823
137,26200,부산,영도구,203,0,2,1,5,73,0,31,0,34,1,0,0,0,0,56,28495,117959,0.2416
138,26110,부산,중구,182,0,1,1,5,69,0,39,1,25,1,0,0,0,0,40,10261,41958,0.2446
139,26350,부산,해운대구,814,0,2,14,18,320,4,160,1,133,1,2,0,0,0,159,63879,392846,0.1626
140,11680,서울,강남구,3088,2,2,33,9,1639,15,566,11,366,1,0,0,0,0,444,66790,509199,0.1312
141,11740,서울,강동구,1023,0,3,15,6,354,3,218,5,185,1,0,0,0,0,233,60737,415287,0.1463
142,11305,서울,강북구,628,0,1,8,6,225,1,124,0,96,1,0,0,0,0,166,57789,303871,0.1902
143,11500,서울,강서구,1080,0,4,17,4,394,3,219,4,191,1,0,0,0,0,243,80783,574097,0.1407
144,11620,서울,관악구,909,0,1,10,3,319,1,204,2,153,1,0,0,0,0,215,73151,507828,0.144
145,11215,서울,광진구,723,1,1,5,3,268,2,154,0,118,1,0,0,0,0,170,46330,359766,0.1288
146,11530,서울,구로구,741,1,1,8,9,261,1,166,2,110,1,1,0,0,0,180,66992,435560,0.1538
147,11545,서울,금천구,475,0,1,6,4,158,0,106,3,78,1,0,0,0,0,118,37815,249747,0.1514
148,11350,서울,노원구,952,0,3,7,6,350,3,195,2,159,1,1,0,0,0,225,77719,522480,0.1488
149,11320,서울,도봉구,485,0,1,8,6,163,1,103,2,85,1,0,0,0,0,115,56799,323543,0.1756
150,11230,서울,동대문구,832,1,3,14,9,260,4,157,1,157,1,0,0,0,1,224,56358,355094,0.1587
151,11590,서울,동작구,762,1,1,5,3,259,2,172,1,132,1,0,0,0,0,185,59792,400368,0.1493
152,11440,서울,마포구,929,0,0,2,3,371,3,200,1,150,1,0,0,0,0,198,48862,369327,0.1323
153,11410,서울,서대문구,587,1,1,5,3,208,2,125,1,89,1,1,0,0,0,150,48946,319394,0.1532
154,11650,서울,서초구,1465,1,0,12,4,630,5,315,6,252,1,2,0,0,1,236,53495,404960,0.1321
155,11200,서울,성동구,593,1,0,6,3,213,1,127,0,93,1,0,0,0,0,148,41882,299688,0.1398
156,11290,서울,성북구,729,1,0,6,7,251,1,149,0,113,1,0,0,0,0,200,67230,445327,0.151
157,11710,서울,송파구,1527,1,1,16,10,561,4,318,4,250,1,1,0,0,0,360,83510,648600,0.1288
158,11470,서울,양천구,816,0,3,5,5,279,4,177,3,150,1,0,0,0,0,189,58748,440354,0.1334
159,11560,서울,영등포구,1001,0,7,8,12,339,1,238,2,149,1,0,0,0,0,244,57606,394083,0.1462
160,11170,서울,용산구,435,0,1,2,0,135,0,106,0,62,1,0,0,0,1,127,33849,227181,0.149
161,11380,서울,은평구,874,0,2,11,6,320,1,175,2,145,1,2,0,0,0,209,76818,461530,0.1664
162,11110,서울,종로구,668,2,2,3,0,193,1,163,0,131,1,0,0,0,0,172,24618,154969,0.1589
163,11140,서울,중구,728,0,2,4,0,241,6,211,1,95,1,0,0,0,0,167,20795,130957,0.1588
164,11260,서울,중랑구,689,0,3,12,3,237,0,148,0,108,1,0,0,0,0,177,62533,386331,0.1619
165,36110,세종특별자치시,세종특별자치시,491,0,1,0,6,181,1,85,1,76,1,10,7,0,0,122,30280,338136,0.0895
166,31140,울산,남구,765,0,3,20,18,271,2,179,2,115,1,1,0,0,0,153,36394,322135,0.113
167,31170,울산,동구,242,0,1,1,4,87,1,45,0,36,1,0,0,0,0,66,17703,162104,0.1092
168,31200,울산,북구,211,0,1,4,4,69,1,48,1,32,1,0,2,0,0,48,15923,213524,0.0746
169,31710,울산,울주군,260,0,1,8,11,74,0,44,0,44,1,7,9,0,0,61,29755,226501,0.1314
170,31110,울산,중구,323,0,2,10,5,108,0,67,0,48,1,0,0,0,0,82,30210,219428,0.1377
171,28710,인천,강화군,107,0,1,2,4,20,0,14,1,16,1,13,13,0,0,22,20649,65235,0.3165
172,28245,인천,계양구,477,0,2,8,10,160,0,105,4,71,1,1,0,0,1,114,34917,298912,0.1168
173,28200,인천,남동구,955,1,0,14,18,355,1,189,7,148,1,0,0,0,0,221,66215,533119,0.1242
174,28140,인천,동구,122,0,2,0,0,42,0,25,0,18,1,0,0,0,0,34,13232,63003,0.21
175,28177,인천,미추홀구,643,0,2,13,14,211,1,124,7,93,2,1,0,0,0,175,64280,411612,0.1562
176,28237,인천,부평구,847,1,2,10,8,308,4,170,8,124,1,1,0,0,0,210,69072,514385,0.1343
177,28260,인천,서구,670,0,5,8,9,240,1,144,4,94,1,0,0,0,0,164,53167,540655,0.0983
178,28185,인천,연수구,467,0,1,4,4,177,2,101,1,76,1,1,0,0,0,99,33678,374413,0.0899
179,28720,인천,옹진군,32,0,0,1,0,3,0,3,0,2,0,8,12,0,0,3,4701,19040,0.2469
180,28110,인천,중구,177,1,1,2,4,57,0,36,1,16,1,2,1,0,0,55,18419,131863,0.1397
181,46810,전남,강진군,71,0,0,2,1,20,0,6,0,7,1,10,7,0,0,17,11020,32805,0.3359
182,46770,전남,고흥군,141,0,1,3,1,32,0,12,0,17,1,16,26,0,0,32,24156,60332,0.4004
183,46720,전남,곡성군,70,0,0,1,2,14,0,9,0,5,0,8,15,1,0,15,9451,27858,0.3393
184,46230,전남,광양시,210,0,1,4,5,62,0,40,1,25,1,8,14,0,0,49,18150,143656,0.1263
185,46730,전남,구례군,57,0,0,1,3,10,0,5,0,7,0,7,12,1,0,11,8287,23836,0.3477
186,46170,전남,나주시,214,0,1,4,10,61,0,34,3,25,1,13,15,0,0,47,24180,112101,0.2157
187,46710,전남,담양군,98,0,0,2,7,22,0,12,1,10,1,11,11,0,0,21,13077,43804,0.2985
188,46110,전남,목포시,406,0,5,16,7,135,2,63,9,48,1,1,0,0,1,118,36189,228876,0.1581
189,46840,전남,무안군,141,0,1,2,4,44,1,17,2,16,1,8,11,0,0,34,15759,81789,0.1927
190,46780,전남,보성군,98,0,0,2,4,23,0,9,0,9,1,10,15,0,0,25,14431,38339,0.3764
191,46150,전남,순천시,452,0,5,17,7,134,1,89,5,53,1,9,22,0,0,109,40810,270202,0.151
192,46910,전남,신안군,77,0,0,2,2,12,0,5,0,5,1,16,23,0,0,11,12671,35432,0.3576
193,46130,전남,여수시,471,0,3,7,11,153,2,79,2,55,1,12,28,0,0,118,49647,270283,0.1837
194,46870,전남,영광군,116,0,2,0,2,34,0,15,0,13,1,7,13,0,0,29,14090,50004,0.2818
195,46830,전남,영암군,100,0,0,2,2,23,0,13,0,14,1,10,13,0,0,22,13201,57476,0.2297
196,46890,전남,완도군,96,0,0,1,0,25,0,10,0,9,0,12,18,1,0,20,14625,48366,0.3024
197,46880,전남,장성군,80,0,0,2,2,19,0,9,0,10,1,9,11,0,0,17,12085,42193,0.2864
198,46800,전남,장흥군,80,0,1,1,1,23,0,8,1,10,1,8,11,0,0,15,11748,35494,0.331
199,46900,전남,진도군,68,0,0,2,1,16,0,7,0,7,1,6,15,0,0,13,9318,29295,0.3181
200,46860,전남,함평군,76,0,0,2,2,15,1,8,0,7,1,8,16,0,0,16,10700,30556,0.3502
201,46820,전남,해남군,135,0,2,2,2,36,0,16,0,10,1,13,18,0,0,35,20413,65175,0.3132
202,46790,전남,화순군,132,1,0,3,14,31,0,16,1,11,1,12,13,0,0,29,15707,59671,0.2632
203,45790,전북,고창군,123,0,1,1,5,31,0,13,0,11,1,12,24,0,0,24,17481,53260,0.3282
204,45130,전북,군산시,494,0,2,6,9,159,0,77,2,74,1,14,19,0,0,131,46563,270635,0.1721
205,45210,전북,김제시,188,0,0,8,4,51,0,19,1,19,1,14,25,0,0,46,24404,80422,0.3034
206,45190,전북,남원시,186,0,1,2,4,58,0,21,0,21,1,15,24,0,0,39,21318,77690,0.2744
207,45730,전북,무주군,53,0,0,0,0,12,0,5,0,8,0,5,9,1,0,13,7469,22852,0.3268
208,45800,전북,부안군,118,0,1,5,2,26,0,15,0,17,1,11,11,0,0,29,15929,49733,0.3203
209,45770,전북,순창군,72,0,0,1,1,17,0,6,0,6,0,10,17,1,0,13,8955,26642,0.3361
210,45710,전북,완주군,170,0,0,4,6,50,0,18,0,24,1,12,17,0,0,38,19773,96212,0.2055
211,45140,전북,익산시,556,1,1,7,11,174,1,95,5,78,1,15,24,0,0,143,51976,290119,0.1792
212,45750,전북,임실군,79,0,0,1,1,16,0,6,0,8,0,11,20,1,0,15,9013,26144,0.3447
213,45740,전북,장수군,44,0,0,0,0,8,0,5,0,4,0,5,11,1,0,10,6872,21267,0.3231
214,45113,전북,전주시 덕진구,591,1,2,7,17,211,1,115,10,77,0,0,2,0,0,148,42465,320963,0.1323
215,45111,전북,전주시 완산구,790,0,2,26,18,265,1,155,11,121,1,0,1,0,0,189,51411,341123,0.1507
216,45180,전북,정읍시,256,0,1,4,5,76,0,34,1,32,1,15,26,0,0,61,28180,107348,0.2625
217,45720,전북,진안군,54,0,0,2,0,11,0,4,0,5,1,10,12,0,0,9,7881,23013,0.3425
218,50130,제주,서귀포시,315,0,1,3,0,105,0,55,0,50,3,5,24,0,0,69,32300,177360,0.1821
219,50110,제주,제주시,930,0,5,4,10,343,1,163,0,143,3,6,23,0,1,228,65170,487688,0.1336
220,44250,충남,계룡시,61,0,0,1,1,18,0,13,0,11,1,2,0,0,0,14,4681,41153,0.1137
221,44150,충남,공주시,221,0,1,1,10,66,0,25,1,32,1,10,19,0,0,55,25724,109877,0.2341
222,44710,충남,금산군,119,0,0,1,3,35,0,13,0,16,1,9,8,0,0,33,14890,54442,0.2735
223,44230,충남,논산시,262,0,1,2,12,77,0,32,0,36,1,13,26,0,0,62,29298,122111,0.2399
224,44270,충남,당진시,265,0,1,3,4,81,1,44,0,32,1,11,19,0,0,68,29086,169171,0.1719
225,44180,충남,보령시,186,0,1,2,4,53,0,24,0,29,1,10,17,0,0,45,23883,99320,0.2405
226,44760,충남,부여군,137,0,0,1,5,30,0,16,0,16,1,15,20,0,0,33,21293,65337,0.3259
227,44210,충남,서산시,261,0,2,0,2,77,0,48,0,37,1,10,15,0,0,69,30460,175204,0.1739
228,44770,충남,서천군,116,0,0,1,5,30,0,12,0,14,1,10,17,0,0,26,17894,51826,0.3453
229,44200,충남,아산시,435,0,1,9,10,135,1,83,1,60,1,11,16,0,0,107,39379,347032,0.1135
230,44810,충남,예산군,156,0,1,1,0,41,0,21,0,22,1,12,16,0,0,41,22670,78963,0.2871
231,44131,충남,천안시 동남구,421,2,1,2,12,129,3,68,0,72,1,8,11,0,0,112,34948,279153,0.1252
232,44133,충남,천안시 서북구,648,0,1,18,11,213,5,116,6,98,1,4,7,0,0,168,32042,400590,0.08
233,44790,충남,청양군,62,0,0,1,2,10,0,6,0,6,0,9,13,1,0,14,10298,30783,0.3345
234,44825,충남,태안군,112,0,0,1,1,29,1,13,1,13,0,6,16,1,0,30,17672,60896,0.2902
235,44800,충남,홍성군,179,0,1,0,6,50,0,26,2,23,1,11,14,0,0,45,22316,102791,0.2171
236,43760,충북,괴산군,64,0,0,2,1,9,0,5,0,6,1,12,17,0,0,11,11717,38808,0.3019
237,43800,충북,단양군,52,0,0,1,1,7,0,6,0,4,1,7,15,0,0,10,8272,28095,0.2944
238,43720,충북,보은군,74,0,0,2,2,16,0,6,0,7,1,8,15,0,0,17,10498,32001,0.3281
239,43740,충북,영동군,108,0,0,1,3,27,0,10,0,15,1,10,17,0,0,24,14137,48004,0.2945
240,43730,충북,옥천군,107,0,1,0,4,30,0,11,0,15,1,8,16,0,0,21,14006,49117,0.2852
241,43770,충북,음성군,169,0,0,4,3,47,0,26,0,21,1,8,18,0,0,41,18412,104823,0.1756
242,43150,충북,제천시,245,0,2,1,7,85,0,39,1,35,1,8,11,0,0,55,27142,136093,0.1994
243,43745,충북,증평군,62,0,0,1,0,20,0,8,0,8,1,1,1,0,0,22,5998,37493,0.16
244,43750,충북,진천군,121,0,1,0,2,36,0,21,0,17,1,7,7,0,0,29,12845,87525,0.1468
245,43111,충북,청주시 상당구,345,0,2,3,3,118,0,58,3,57,2,4,11,0,0,84,26493,173783,0.1524
246,43112,충북,청주시 서원구,335,1,1,5,8,114,2,50,1,55,1,2,2,0,0,93,27898,210273,0.1327
247,43114,충북,청주시 청원구,285,0,1,5,4,99,0,53,0,40,1,3,7,0,1,71,23244,200581,0.1159
248,43113,충북,청주시 흥덕구,455,0,2,9,4,160,1,89,1,76,0,4,5,0,0,104,27524,266301,0.1034
249,43130,충북,충주시,347,0,2,3,7,123,1,49,1,47,1,13,16,0,0,84,38968,216446,0.18
